"","gene","baseMean","log2FoldChange","lfcSE","stat","pvalue","padj"
"1","Smic_CassKB8.gene1912.mRNA1_Sym",10.4405077254681,-1.7190338027037,0.372709390542594,-4.61226319036693,3.98308209770666e-06,0.0282679336474242
