"","gene","baseMean","log2FoldChange","lfcSE","stat","pvalue","padj"
"1","isogroup07701_Past",966.899758107692,2.5968189785411,0.526213817968945,4.93491217802713,8.01868330092603e-07,0.00650716149870147
